{
  "model_name": "mBERT Baseline",
  "timestamp": "2026-02-20T16:34:29.962289",
  "metrics": {
    "accuracy": 0.9520500347463516,
    "precision": 0.9524940617577197,
    "recall": 0.9651022864019254,
    "f1": 0.958756724447101,
    "macro_precision": 0.9519589236761798,
    "macro_recall": 0.9496564063588575,
    "macro_f1": 0.9507476568293596,
    "roc_auc": 0.9919168408385585,
    "confusion_matrix": [
      [
        568,
        40
      ],
      [
        29,
        802
      ]
    ],
    "class_0_precision": 0.9514237855946399,
    "class_0_recall": 0.9342105263157895,
    "class_1_precision": 0.9524940617577197,
    "class_1_recall": 0.9651022864019254,
    "loss": 0.1805800745502994
  }
}